title,description,priority,labels,state
"TC-001 Login FR","FR | Pre-requis: compte utilisateur actif. Etapes: ouvrir l app, choisir Francais, saisir email+mot de passe, cliquer Se connecter. Resultat attendu: connexion reussie et accueil visible sans cle i18n brute. || AR | Ø§Ù„Ù…ØªØ·Ù„Ø¨Ø§Øª: Ø­Ø³Ø§Ø¨ Ù…Ø³ØªØ®Ø¯Ù… ÙØ¹Ø§Ù„. Ø§Ù„Ø®Ø·ÙˆØ§Øª: ÙØªØ­ Ø§Ù„ØªØ·Ø¨ÙŠÙ‚ØŒ Ø§Ø®ØªÙŠØ§Ø± Ø§Ù„ÙØ±Ù†Ø³ÙŠØ©ØŒ Ø¥Ø¯Ø®Ø§Ù„ Ø§Ù„Ø¨Ø±ÙŠØ¯ ÙˆÙƒÙ„Ù…Ø© Ø§Ù„Ù…Ø±ÙˆØ±ØŒ Ø§Ù„Ø¶ØºØ· Ø¹Ù„Ù‰ ØªØ³Ø¬ÙŠÙ„ Ø§Ù„Ø¯Ø®ÙˆÙ„. Ø§Ù„Ù†ØªÙŠØ¬Ø© Ø§Ù„Ù…ØªÙˆÙ‚Ø¹Ø©: ØªØ³Ø¬ÙŠÙ„ Ø¯Ø®ÙˆÙ„ Ù†Ø§Ø¬Ø­ ÙˆØ¸Ù‡ÙˆØ± Ø§Ù„ØµÙØ­Ø© Ø§Ù„Ø±Ø¦ÙŠØ³ÙŠØ© Ø¨Ø¯ÙˆÙ† Ù…ÙØ§ØªÙŠØ­ ØªØ±Ø¬Ù…Ø© Ø¸Ø§Ù‡Ø±Ø©.","P0","auth,android,web,i18n-fr,i18n-ar","Ready"
"TC-002 Login AR","FR | Pre-requis: compte utilisateur actif. Etapes: ouvrir l app, choisir Arabe, saisir email+mot de passe, cliquer Se connecter. Resultat attendu: connexion reussie, textes en arabe et alignement RTL correct. || AR | Ø§Ù„Ù…ØªØ·Ù„Ø¨Ø§Øª: Ø­Ø³Ø§Ø¨ Ù…Ø³ØªØ®Ø¯Ù… ÙØ¹Ø§Ù„. Ø§Ù„Ø®Ø·ÙˆØ§Øª: ÙØªØ­ Ø§Ù„ØªØ·Ø¨ÙŠÙ‚ØŒ Ø§Ø®ØªÙŠØ§Ø± Ø§Ù„Ø¹Ø±Ø¨ÙŠØ©ØŒ Ø¥Ø¯Ø®Ø§Ù„ Ø§Ù„Ø¨Ø±ÙŠØ¯ ÙˆÙƒÙ„Ù…Ø© Ø§Ù„Ù…Ø±ÙˆØ±ØŒ Ø§Ù„Ø¶ØºØ· Ø¹Ù„Ù‰ ØªØ³Ø¬ÙŠÙ„ Ø§Ù„Ø¯Ø®ÙˆÙ„. Ø§Ù„Ù†ØªÙŠØ¬Ø© Ø§Ù„Ù…ØªÙˆÙ‚Ø¹Ø©: ØªØ³Ø¬ÙŠÙ„ Ø¯Ø®ÙˆÙ„ Ù†Ø§Ø¬Ø­ØŒ Ø§Ù„Ù†ØµÙˆØµ Ø¨Ø§Ù„Ø¹Ø±Ø¨ÙŠØ© ÙˆÙ…Ø­Ø§Ø°Ø§Ø© RTL Ø³Ù„ÙŠÙ…Ø©.","P0","auth,android,web,i18n-ar","Ready"
"TC-003 Reset Password End-to-End","FR | Pre-requis: acces a la boite mail. Etapes: Mot de passe oublie, envoyer demande, ouvrir email, cliquer lien, saisir nouveau mot de passe + confirmation. Resultat attendu: reset reussi et connexion possible avec le nouveau mot de passe. || AR | Ø§Ù„Ù…ØªØ·Ù„Ø¨Ø§Øª: Ø§Ù„ÙˆØµÙˆÙ„ Ø¥Ù„Ù‰ Ø§Ù„Ø¨Ø±ÙŠØ¯ Ø§Ù„Ø¥Ù„ÙƒØªØ±ÙˆÙ†ÙŠ. Ø§Ù„Ø®Ø·ÙˆØ§Øª: Ù†Ø³ÙŠØ§Ù† ÙƒÙ„Ù…Ø© Ø§Ù„Ù…Ø±ÙˆØ±ØŒ Ø¥Ø±Ø³Ø§Ù„ Ø§Ù„Ø·Ù„Ø¨ØŒ ÙØªØ­ Ø§Ù„Ø¨Ø±ÙŠØ¯ØŒ Ø§Ù„Ø¶ØºØ· Ø¹Ù„Ù‰ Ø§Ù„Ø±Ø§Ø¨Ø·ØŒ Ø¥Ø¯Ø®Ø§Ù„ ÙƒÙ„Ù…Ø© Ù…Ø±ÙˆØ± Ø¬Ø¯ÙŠØ¯Ø© Ù…Ø¹ Ø§Ù„ØªØ£ÙƒÙŠØ¯. Ø§Ù„Ù†ØªÙŠØ¬Ø© Ø§Ù„Ù…ØªÙˆÙ‚Ø¹Ø©: Ù†Ø¬Ø§Ø­ Ø¥Ø¹Ø§Ø¯Ø© Ø§Ù„ØªØ¹ÙŠÙŠÙ† ÙˆØ¥Ù…ÙƒØ§Ù†ÙŠØ© ØªØ³Ø¬ÙŠÙ„ Ø§Ù„Ø¯Ø®ÙˆÙ„ Ø¨ÙƒÙ„Ù…Ø© Ø§Ù„Ù…Ø±ÙˆØ± Ø§Ù„Ø¬Ø¯ÙŠØ¯Ø©.","P0","auth,web,android,label-pdf","Ready"
"TC-004 Logout Login Session","FR | Pre-requis: utilisateur deja connecte. Etapes: Profil > Deconnexion, verifier retour ecran login, se reconnecter. Resultat attendu: session precedente ferme proprement, reconnexion sans erreur. || AR | Ø§Ù„Ù…ØªØ·Ù„Ø¨Ø§Øª: Ø§Ù„Ù…Ø³ØªØ®Ø¯Ù… Ù…Ø³Ø¬Ù„ Ø§Ù„Ø¯Ø®ÙˆÙ„. Ø§Ù„Ø®Ø·ÙˆØ§Øª: Ø§Ù„Ù…Ù„Ù Ø§Ù„Ø´Ø®ØµÙŠ > ØªØ³Ø¬ÙŠÙ„ Ø§Ù„Ø®Ø±ÙˆØ¬ØŒ Ø§Ù„ØªØ£ÙƒØ¯ Ù…Ù† Ø§Ù„Ø¹ÙˆØ¯Ø© Ù„Ø´Ø§Ø´Ø© Ø§Ù„Ø¯Ø®ÙˆÙ„ØŒ Ø¥Ø¹Ø§Ø¯Ø© ØªØ³Ø¬ÙŠÙ„ Ø§Ù„Ø¯Ø®ÙˆÙ„. Ø§Ù„Ù†ØªÙŠØ¬Ø© Ø§Ù„Ù…ØªÙˆÙ‚Ø¹Ø©: Ø¥ØºÙ„Ø§Ù‚ Ø§Ù„Ø¬Ù„Ø³Ø© Ø§Ù„Ø³Ø§Ø¨Ù‚Ø© Ø¨Ø´ÙƒÙ„ ØµØ­ÙŠØ­ ÙˆØ¥Ø¹Ø§Ø¯Ø© Ø¯Ø®ÙˆÙ„ Ø¨Ø¯ÙˆÙ† Ø®Ø·Ø£.","P1","auth,android,web","Ready"
"TC-005 Browse Web Desktop Layout","FR | Pre-requis: Chrome desktop. Etapes: ouvrir Parcourir, Profil, Notifications, Chat. Resultat attendu: pas de composants geants, pas de bandes blanches laterales, pas de chevauchement. || AR | Ø§Ù„Ù…ØªØ·Ù„Ø¨Ø§Øª: ÙƒØ±ÙˆÙ… Ø¹Ù„Ù‰ Ø§Ù„ÙƒÙ…Ø¨ÙŠÙˆØªØ±. Ø§Ù„Ø®Ø·ÙˆØ§Øª: ÙØªØ­ Ø§Ù„ØªØµÙØ­ØŒ Ø§Ù„Ù…Ù„Ù Ø§Ù„Ø´Ø®ØµÙŠØŒ Ø§Ù„Ø¥Ø´Ø¹Ø§Ø±Ø§ØªØŒ Ø§Ù„Ø¯Ø±Ø¯Ø´Ø©. Ø§Ù„Ù†ØªÙŠØ¬Ø© Ø§Ù„Ù…ØªÙˆÙ‚Ø¹Ø©: Ù„Ø§ Ø¹Ù†Ø§ØµØ± Ø¶Ø®Ù…Ø© ÙˆÙ„Ø§ Ù…Ø³Ø§Ø­Ø§Øª Ø¨ÙŠØ¶Ø§Ø¡ Ø¬Ø§Ù†Ø¨ÙŠØ© ÙˆÙ„Ø§ ØªØ¯Ø§Ø®Ù„ Ø¨Ø§Ù„Ø¹Ù†Ø§ØµØ±.","P0","web,listing,ui-ux","Ready"
"TC-006 Browse Mobile Layout","FR | Pre-requis: telephone Android. Etapes: naviguer entre onglets Parcourir/Chat/Profil et faire scroll. Resultat attendu: UI mobile adaptee, navigation fluide, boutons accessibles. || AR | Ø§Ù„Ù…ØªØ·Ù„Ø¨Ø§Øª: Ù‡Ø§ØªÙ Ø£Ù†Ø¯Ø±ÙˆÙŠØ¯. Ø§Ù„Ø®Ø·ÙˆØ§Øª: Ø§Ù„ØªÙ†Ù‚Ù„ Ø¨ÙŠÙ† ØªØ¨ÙˆÙŠØ¨Ø§Øª Ø§Ù„ØªØµÙØ­/Ø§Ù„Ø¯Ø±Ø¯Ø´Ø©/Ø§Ù„Ù…Ù„Ù Ø§Ù„Ø´Ø®ØµÙŠ Ù…Ø¹ Ø§Ù„ØªÙ…Ø±ÙŠØ±. Ø§Ù„Ù†ØªÙŠØ¬Ø© Ø§Ù„Ù…ØªÙˆÙ‚Ø¹Ø©: ÙˆØ§Ø¬Ù‡Ø© Ù…Ù†Ø§Ø³Ø¨Ø© Ù„Ù„Ù‡Ø§ØªÙØŒ ØªÙ†Ù‚Ù„ Ø³Ù„Ø³ØŒ ÙˆØ£Ø²Ø±Ø§Ø± Ù‚Ø§Ø¨Ù„Ø© Ù„Ù„Ø§Ø³ØªØ®Ø¯Ø§Ù….","P0","android,listing,ui-ux","Ready"
"TC-007 Search and Filters","FR | Pre-requis: annonces disponibles. Etapes: rechercher un mot cle, appliquer filtres categorie/prix/proximite/etat/livraison, puis reset. Resultat attendu: resultats coherents avec filtres et reinitialisation correcte. || AR | Ø§Ù„Ù…ØªØ·Ù„Ø¨Ø§Øª: ØªÙˆÙØ± Ø¥Ø¹Ù„Ø§Ù†Ø§Øª. Ø§Ù„Ø®Ø·ÙˆØ§Øª: Ø§Ù„Ø¨Ø­Ø« Ø¨ÙƒÙ„Ù…Ø© Ù…ÙØªØ§Ø­ÙŠØ©ØŒ ØªØ·Ø¨ÙŠÙ‚ ÙÙ„Ø§ØªØ± Ø§Ù„ÙØ¦Ø©/Ø§Ù„Ø³Ø¹Ø±/Ø§Ù„Ù‚Ø±Ø¨/Ø§Ù„Ø­Ø§Ù„Ø©/Ø§Ù„ØªÙˆØµÙŠÙ„ Ø«Ù… Ø¥Ø¹Ø§Ø¯Ø© Ø§Ù„Ø¶Ø¨Ø·. Ø§Ù„Ù†ØªÙŠØ¬Ø© Ø§Ù„Ù…ØªÙˆÙ‚Ø¹Ø©: Ù†ØªØ§Ø¦Ø¬ Ù…ØªÙˆØ§ÙÙ‚Ø© Ù…Ø¹ Ø§Ù„ÙÙ„Ø§ØªØ± ÙˆØ¥Ø¹Ø§Ø¯Ø© Ø¶Ø¨Ø· ØµØ­ÙŠØ­Ø©.","P1","listing,web,android,search","Ready"
"TC-008 Add Product Photos Step","FR | Pre-requis: compte vendeur connecte. Etapes: Vendre, ajouter au moins une photo, verifier compteur, Continuer. Resultat attendu: upload ok, compteur exact, bouton Continuer actif quand valide. || AR | Ø§Ù„Ù…ØªØ·Ù„Ø¨Ø§Øª: Ø­Ø³Ø§Ø¨ Ø¨Ø§Ø¦Ø¹ Ù…Ø³Ø¬Ù„ Ø§Ù„Ø¯Ø®ÙˆÙ„. Ø§Ù„Ø®Ø·ÙˆØ§Øª: Ø¨ÙŠØ¹ØŒ Ø¥Ø¶Ø§ÙØ© ØµÙˆØ±Ø© ÙˆØ§Ø­Ø¯Ø© Ø¹Ù„Ù‰ Ø§Ù„Ø£Ù‚Ù„ØŒ Ø§Ù„ØªØ­Ù‚Ù‚ Ù…Ù† Ø§Ù„Ø¹Ø¯Ø§Ø¯ØŒ Ù…ØªØ§Ø¨Ø¹Ø©. Ø§Ù„Ù†ØªÙŠØ¬Ø© Ø§Ù„Ù…ØªÙˆÙ‚Ø¹Ø©: Ø±ÙØ¹ Ø§Ù„ØµÙˆØ± Ù†Ø§Ø¬Ø­ØŒ Ø§Ù„Ø¹Ø¯Ø§Ø¯ ØµØ­ÙŠØ­ØŒ ÙˆØ²Ø± Ø§Ù„Ù…ØªØ§Ø¨Ø¹Ø© ÙŠØµØ¨Ø­ ÙØ¹Ø§Ù„Ø§ Ø¹Ù†Ø¯ Ø§ÙƒØªÙ…Ø§Ù„ Ø§Ù„Ø´Ø±Ø·.","P0","listing,android,web,create-product","Ready"
"TC-009 Category Encoding","FR | Pre-requis: etape categorie ouverte en FR et AR. Etapes: parcourir categories et sous-categories. Resultat attendu: aucune chaine cassees (mojibake) type AÂ©/ÃƒÂ©. || AR | Ø§Ù„Ù…ØªØ·Ù„Ø¨Ø§Øª: ÙØªØ­ Ø®Ø·ÙˆØ© Ø§Ù„ÙØ¦Ø§Øª Ø¨Ø§Ù„ÙØ±Ù†Ø³ÙŠØ© ÙˆØ§Ù„Ø¹Ø±Ø¨ÙŠØ©. Ø§Ù„Ø®Ø·ÙˆØ§Øª: Ø§Ø³ØªØ¹Ø±Ø§Ø¶ Ø§Ù„ÙØ¦Ø§Øª ÙˆØ§Ù„ÙØ¦Ø§Øª Ø§Ù„ÙØ±Ø¹ÙŠØ©. Ø§Ù„Ù†ØªÙŠØ¬Ø© Ø§Ù„Ù…ØªÙˆÙ‚Ø¹Ø©: Ø¹Ø¯Ù… ÙˆØ¬ÙˆØ¯ Ù†ØµÙˆØµ Ù…Ø´ÙˆÙ‡Ø© (mojibake) Ù…Ø«Ù„ AÂ© Ø£Ùˆ ÃƒÂ©.","P0","listing,i18n-fr,i18n-ar,create-product","Ready"
"TC-010 Add Product Details i18n","FR | Pre-requis: parcours ajout produit detail/prix/livraison. Etapes: verifier tous les labels, placeholders et boutons. Resultat attendu: aucune cle brute visible (listing.add.*, common.*, checkout.*). || AR | Ø§Ù„Ù…ØªØ·Ù„Ø¨Ø§Øª: Ù…Ø³Ø§Ø± Ø¥Ø¶Ø§ÙØ© Ù…Ù†ØªØ¬ (Ø§Ù„ØªÙØ§ØµÙŠÙ„/Ø§Ù„Ø³Ø¹Ø±/Ø§Ù„ØªÙˆØµÙŠÙ„). Ø§Ù„Ø®Ø·ÙˆØ§Øª: ÙØ­Øµ ÙƒÙ„ Ø§Ù„Ø¹Ù†Ø§ÙˆÙŠÙ† ÙˆØ­Ù‚ÙˆÙ„ Ø§Ù„Ø¥Ø¯Ø®Ø§Ù„ ÙˆØ§Ù„Ø£Ø²Ø±Ø§Ø±. Ø§Ù„Ù†ØªÙŠØ¬Ø© Ø§Ù„Ù…ØªÙˆÙ‚Ø¹Ø©: Ù„Ø§ ØªØ¸Ù‡Ø± Ù…ÙØ§ØªÙŠØ­ ØªØ±Ø¬Ù…Ø© Ø®Ø§Ù… Ù…Ø«Ù„ listing.add.* Ø£Ùˆ common.* Ø£Ùˆ checkout.*.","P0","listing,i18n-fr,i18n-ar,create-product","Ready"
"TC-011 Delivery Shipping Validation","FR | Pre-requis: annonce en creation. Etapes: saisir poids/dimensions/valeur declaree, activer options livraison, passer a l apercu. Resultat attendu: validation metier correcte sans blocage injustifie. || AR | Ø§Ù„Ù…ØªØ·Ù„Ø¨Ø§Øª: Ø¥Ø¹Ù„Ø§Ù† Ù‚ÙŠØ¯ Ø§Ù„Ø¥Ù†Ø´Ø§Ø¡. Ø§Ù„Ø®Ø·ÙˆØ§Øª: Ø¥Ø¯Ø®Ø§Ù„ Ø§Ù„ÙˆØ²Ù†/Ø§Ù„Ø£Ø¨Ø¹Ø§Ø¯/Ø§Ù„Ù‚ÙŠÙ…Ø© Ø§Ù„Ù…ØµØ±Ø­ Ø¨Ù‡Ø§ØŒ ØªÙØ¹ÙŠÙ„ Ø®ÙŠØ§Ø±Ø§Øª Ø§Ù„ØªÙˆØµÙŠÙ„ØŒ Ø§Ù„Ø§Ù†ØªÙ‚Ø§Ù„ Ù„Ù„Ù…Ø¹Ø§ÙŠÙ†Ø©. Ø§Ù„Ù†ØªÙŠØ¬Ø© Ø§Ù„Ù…ØªÙˆÙ‚Ø¹Ø©: ØªØ­Ù‚Ù‚ ØµØ­ÙŠØ­ Ù„Ù‚ÙˆØ§Ø¹Ø¯ Ø§Ù„Ø¹Ù…Ù„ Ø¨Ø¯ÙˆÙ† Ø­Ø¸Ø± ØºÙŠØ± Ù…Ø¨Ø±Ø±.","P0","shipment,listing,create-product","Ready"
"TC-012 Publish Listing Visibility","FR | Pre-requis: brouillon annonce complet. Etapes: publier annonce, ouvrir Mes annonces, verifier presence de l annonce. Resultat attendu: annonce visible cote vendeur et cote public. || AR | Ø§Ù„Ù…ØªØ·Ù„Ø¨Ø§Øª: Ù…Ø³ÙˆØ¯Ø© Ø¥Ø¹Ù„Ø§Ù† Ù…ÙƒØªÙ…Ù„Ø©. Ø§Ù„Ø®Ø·ÙˆØ§Øª: Ù†Ø´Ø± Ø§Ù„Ø¥Ø¹Ù„Ø§Ù†ØŒ ÙØªØ­ Ø¥Ø¹Ù„Ø§Ù†Ø§ØªÙŠØŒ Ø§Ù„ØªØ­Ù‚Ù‚ Ù…Ù† ÙˆØ¬ÙˆØ¯ Ø§Ù„Ø¥Ø¹Ù„Ø§Ù†. Ø§Ù„Ù†ØªÙŠØ¬Ø© Ø§Ù„Ù…ØªÙˆÙ‚Ø¹Ø©: Ø§Ù„Ø¥Ø¹Ù„Ø§Ù† ÙŠØ¸Ù‡Ø± Ù„Ù„Ø¨Ø§Ø¦Ø¹ ÙˆÙÙŠ Ø§Ù„Ø¹Ø±Ø¶ Ø§Ù„Ø¹Ø§Ù….","P0","listing,publish,web,android","Ready"
"TC-013 Buyer Checkout Carrier Yalidine","FR | Pre-requis: produit achetable et transporteur Yalidine actif. Etapes: acheteur passe commande avec Yalidine. Resultat attendu: commande creee, frais estimes coherents, statut initial correct. || AR | Ø§Ù„Ù…ØªØ·Ù„Ø¨Ø§Øª: Ù…Ù†ØªØ¬ Ù‚Ø§Ø¨Ù„ Ù„Ù„Ø´Ø±Ø§Ø¡ ÙˆÙ†Ø§Ù‚Ù„ ÙŠØ§Ù„ÙŠØ¯ÙŠÙ† Ù…ÙØ¹Ù„. Ø§Ù„Ø®Ø·ÙˆØ§Øª: Ø§Ù„Ù…Ø´ØªØ±ÙŠ ÙŠÙ†ÙØ° Ø§Ù„Ø·Ù„Ø¨ Ù…Ø¹ ÙŠØ§Ù„ÙŠØ¯ÙŠÙ†. Ø§Ù„Ù†ØªÙŠØ¬Ø© Ø§Ù„Ù…ØªÙˆÙ‚Ø¹Ø©: Ø¥Ù†Ø´Ø§Ø¡ Ø§Ù„Ø·Ù„Ø¨ Ø¨Ù†Ø¬Ø§Ø­ØŒ Ø±Ø³ÙˆÙ… ØªÙ‚Ø¯ÙŠØ±ÙŠØ© Ù…Ù†Ø·Ù‚ÙŠØ©ØŒ ÙˆØ­Ø§Ù„Ø© Ø£ÙˆÙ„ÙŠØ© ØµØ­ÙŠØ­Ø©.","P0","order,shipment,checkout,yalidine","Ready"
"TC-014 Buyer Checkout Carrier ZR","FR | Pre-requis: produit achetable et ZR actif. Etapes: acheteur passe commande avec ZR Express. Resultat attendu: commande creee, estimation frais correcte, pas d erreur API. || AR | Ø§Ù„Ù…ØªØ·Ù„Ø¨Ø§Øª: Ù…Ù†ØªØ¬ Ù‚Ø§Ø¨Ù„ Ù„Ù„Ø´Ø±Ø§Ø¡ ÙˆZR Express Ù…ÙØ¹Ù„. Ø§Ù„Ø®Ø·ÙˆØ§Øª: ØªÙ†ÙÙŠØ° Ø·Ù„Ø¨ Ø´Ø±Ø§Ø¡ Ù…Ø¹ ZR Express. Ø§Ù„Ù†ØªÙŠØ¬Ø© Ø§Ù„Ù…ØªÙˆÙ‚Ø¹Ø©: Ø¥Ù†Ø´Ø§Ø¡ Ø§Ù„Ø·Ù„Ø¨ Ø¨Ù†Ø¬Ø§Ø­ØŒ ØªÙ‚Ø¯ÙŠØ± Ø±Ø³ÙˆÙ… ØµØ­ÙŠØ­ØŒ Ø¨Ø¯ÙˆÙ† Ø£Ø®Ø·Ø§Ø¡ API.","P0","order,shipment,checkout,zr","Ready"
"TC-015 Buyer Checkout Carrier Ecotrack","FR | Pre-requis: produit achetable et Ecotrack actif. Etapes: acheteur passe commande avec Ecotrack. Resultat attendu: commande creee et donnees livraison coherentes. || AR | Ø§Ù„Ù…ØªØ·Ù„Ø¨Ø§Øª: Ù…Ù†ØªØ¬ Ù‚Ø§Ø¨Ù„ Ù„Ù„Ø´Ø±Ø§Ø¡ ÙˆEcotrack Ù…ÙØ¹Ù„. Ø§Ù„Ø®Ø·ÙˆØ§Øª: ØªÙ†ÙÙŠØ° Ø·Ù„Ø¨ Ø´Ø±Ø§Ø¡ Ù…Ø¹ Ecotrack. Ø§Ù„Ù†ØªÙŠØ¬Ø© Ø§Ù„Ù…ØªÙˆÙ‚Ø¹Ø©: Ø¥Ù†Ø´Ø§Ø¡ Ø§Ù„Ø·Ù„Ø¨ Ø¨Ù†Ø¬Ø§Ø­ ÙˆØ¨ÙŠØ§Ù†Ø§Øª ØªÙˆØµÙŠÙ„ Ù…ØªØ³Ù‚Ø©.","P0","order,shipment,checkout,ecotrack","Ready"
"TC-016 Buyer Checkout Carrier Guepex","FR | Pre-requis: produit achetable et Guepex actif. Etapes: acheteur passe commande avec Guepex. Resultat attendu: commande creee, estimation frais coherente, confirmation visible. || AR | Ø§Ù„Ù…ØªØ·Ù„Ø¨Ø§Øª: Ù…Ù†ØªØ¬ Ù‚Ø§Ø¨Ù„ Ù„Ù„Ø´Ø±Ø§Ø¡ ÙˆGuepex Ù…ÙØ¹Ù„. Ø§Ù„Ø®Ø·ÙˆØ§Øª: ØªÙ†ÙÙŠØ° Ø·Ù„Ø¨ Ø´Ø±Ø§Ø¡ Ù…Ø¹ Guepex. Ø§Ù„Ù†ØªÙŠØ¬Ø© Ø§Ù„Ù…ØªÙˆÙ‚Ø¹Ø©: Ø¥Ù†Ø´Ø§Ø¡ Ø§Ù„Ø·Ù„Ø¨ Ø¨Ù†Ø¬Ø§Ø­ØŒ Ø±Ø³ÙˆÙ… ØªÙ‚Ø¯ÙŠØ±ÙŠØ© Ù…ØªÙ†Ø§Ø³Ù‚Ø©ØŒ ÙˆØ¸Ù‡ÙˆØ± Ø§Ù„ØªØ£ÙƒÙŠØ¯.","P0","order,shipment,checkout,guepex","Ready"
"TC-017 Seller Generate Bordereau","FR | Pre-requis: commande vendeur eligible. Etapes: Mes ventes > ouvrir commande > Generer bordereau. Resultat attendu: bordereau genere sans erreur et etat commande mis a jour. || AR | Ø§Ù„Ù…ØªØ·Ù„Ø¨Ø§Øª: Ø·Ù„Ø¨ Ø¨Ø§Ø¦Ø¹ Ù…Ø¤Ù‡Ù„ Ù„ØªÙˆÙ„ÙŠØ¯ Ø§Ù„Ø¨ÙˆØ±Ø¯ÙŠØ±Ùˆ. Ø§Ù„Ø®Ø·ÙˆØ§Øª: Ù…Ø¨ÙŠØ¹Ø§ØªÙŠ > ÙØªØ­ Ø§Ù„Ø·Ù„Ø¨ > ØªÙˆÙ„ÙŠØ¯ Ø§Ù„Ø¨ÙˆØ±Ø¯ÙŠØ±Ùˆ. Ø§Ù„Ù†ØªÙŠØ¬Ø© Ø§Ù„Ù…ØªÙˆÙ‚Ø¹Ø©: ØªÙˆÙ„ÙŠØ¯ Ø§Ù„Ø¨ÙˆØ±Ø¯ÙŠØ±Ùˆ Ø¨Ø¯ÙˆÙ† Ø®Ø·Ø£ ÙˆØªØ­Ø¯ÙŠØ« Ø­Ø§Ù„Ø© Ø§Ù„Ø·Ù„Ø¨.","P0","shipment,order,bordereau","Ready"
"TC-018 Seller Open Label PDF","FR | Pre-requis: commande avec label_url valide. Etapes: Mes ventes > ouvrir commande > Ouvrir label. Resultat attendu: PDF s ouvre (viewer/telechargement), pas de page noire. || AR | Ø§Ù„Ù…ØªØ·Ù„Ø¨Ø§Øª: Ø·Ù„Ø¨ ÙŠØ­ØªÙˆÙŠ Ø±Ø§Ø¨Ø· Ù…Ù„ØµÙ‚ ØµØ§Ù„Ø­. Ø§Ù„Ø®Ø·ÙˆØ§Øª: Ù…Ø¨ÙŠØ¹Ø§ØªÙŠ > ÙØªØ­ Ø§Ù„Ø·Ù„Ø¨ > ÙØªØ­ Ø§Ù„Ù…Ù„ØµÙ‚. Ø§Ù„Ù†ØªÙŠØ¬Ø© Ø§Ù„Ù…ØªÙˆÙ‚Ø¹Ø©: ÙØªØ­ Ù…Ù„Ù PDF (Ø¹Ø±Ø¶/ØªØ­Ù…ÙŠÙ„) Ø¨Ø¯ÙˆÙ† Ø´Ø§Ø´Ø© Ø³ÙˆØ¯Ø§Ø¡.","P0","shipment,label-pdf,web,android","Ready"
"TC-019 Notifications FR AR","FR | Pre-requis: notifications messages/offres/commandes existantes. Etapes: verifier ecran notifications en FR puis basculer AR. Resultat attendu: textes traduits, aucune cle notifications.* visible, mise en page lisible. || AR | Ø§Ù„Ù…ØªØ·Ù„Ø¨Ø§Øª: ÙˆØ¬ÙˆØ¯ Ø¥Ø´Ø¹Ø§Ø±Ø§Øª Ù„Ù„Ø±Ø³Ø§Ø¦Ù„/Ø§Ù„Ø¹Ø±ÙˆØ¶/Ø§Ù„Ø·Ù„Ø¨Ø§Øª. Ø§Ù„Ø®Ø·ÙˆØ§Øª: ÙØ­Øµ Ø´Ø§Ø´Ø© Ø§Ù„Ø¥Ø´Ø¹Ø§Ø±Ø§Øª Ø¨Ø§Ù„ÙØ±Ù†Ø³ÙŠØ© Ø«Ù… Ø§Ù„ØªØ­ÙˆÙŠÙ„ Ù„Ù„Ø¹Ø±Ø¨ÙŠØ©. Ø§Ù„Ù†ØªÙŠØ¬Ø© Ø§Ù„Ù…ØªÙˆÙ‚Ø¹Ø©: Ù†ØµÙˆØµ Ù…ØªØ±Ø¬Ù…Ø©ØŒ Ø¹Ø¯Ù… Ø¸Ù‡ÙˆØ± Ù…ÙØ§ØªÙŠØ­ notifications.*ØŒ ÙˆØªØ®Ø·ÙŠØ· ÙˆØ§Ø¶Ø­.","P0","i18n-fr,i18n-ar,order,notifications","Ready"
"TC-020 Historique Retours","FR | Pre-requis: commandes avec retours/historiques disponibles. Etapes: Mes ventes > historique des retours, ouvrir plusieurs commandes et comparer timeline. Resultat attendu: historique visible, statuts coherents avec evenements transporteur. || AR | Ø§Ù„Ù…ØªØ·Ù„Ø¨Ø§Øª: ØªÙˆÙØ± Ø·Ù„Ø¨Ø§Øª Ù…Ø¹ Ø¥Ø±Ø¬Ø§Ø¹/Ø³Ø¬Ù„. Ø§Ù„Ø®Ø·ÙˆØ§Øª: Ù…Ø¨ÙŠØ¹Ø§ØªÙŠ > Ø³Ø¬Ù„ Ø§Ù„Ø¥Ø±Ø¬Ø§Ø¹ØŒ ÙØªØ­ Ø¹Ø¯Ø© Ø·Ù„Ø¨Ø§Øª ÙˆÙ…Ù‚Ø§Ø±Ù†Ø© Ø§Ù„ØªØ³Ù„Ø³Ù„ Ø§Ù„Ø²Ù…Ù†ÙŠ. Ø§Ù„Ù†ØªÙŠØ¬Ø© Ø§Ù„Ù…ØªÙˆÙ‚Ø¹Ø©: Ø§Ù„Ø³Ø¬Ù„ Ø¸Ø§Ù‡Ø± ÙˆØ­Ø§Ù„Ø§Øª Ø§Ù„Ø·Ù„Ø¨ Ù…ØªÙˆØ§ÙÙ‚Ø© Ù…Ø¹ Ø£Ø­Ø¯Ø§Ø« Ø§Ù„Ù†Ø§Ù‚Ù„.","P1","order,shipment,returns","Ready"
